year,jurisdiction,type,averageScore,frlScore,notFrlScore,ellScore,notEllScore,whiteScore,blackScore,hispanicScore,asianScore
2013,Alabama,state,269,256,287,‡,270,280,250,257,‡
2013,Alaska,state,282,267,294,237,287,294,270,277,273
2013,Arizona,state,280,268,295,‡,280,294,266,269,302
2013,Arkansas,state,278,267,292,265,279,286,255,274,‡
2013,California,state,276,264,293,235,281,291,258,263,305
2013,Colorado,state,290,272,302,248,293,300,260,273,303
2013,Connecticut,state,285,263,297,223,288,297,260,258,308
2013,Delaware,state,282,269,294,‡,283,293,264,276,313
2013,District of Columbia,city,265,258,293,237,267,317,261,265,‡
2013,Florida,state,281,271,294,243,283,291,264,274,310
2013,Georgia,state,279,267,296,239,280,292,262,276,310
2013,Hawaii,state,281,273,291,251,285,290,‡,280,280
2013,Idaho,state,286,276,295,239,288,291,‡,268,‡
2013,Illinois,state,285,268,299,241,287,296,260,272,313
2013,Indiana,state,288,275,298,‡,288,293,265,278,‡
2013,Iowa,state,285,270,295,246,286,289,255,265,299
2013,Kansas,state,290,276,301,262,292,295,268,276,301
2013,Kentucky,state,281,268,293,243,281,283,260,269,307
2013,Louisiana,state,273,265,287,‡,273,285,259,277,‡
2013,Maine,state,289,276,298,‡,289,290,262,‡,‡
2013,Maryland,state,287,270,298,246,288,299,268,280,319
2013,Massachusetts,state,301,281,313,249,303,307,277,277,323
2013,Michigan,state,280,265,293,240,281,287,251,261,310
2013,Minnesota,state,295,275,304,256,297,301,260,273,291
2013,Mississippi,state,271,263,288,‡,271,285,255,279,‡
2013,Missouri,state,283,271,294,‡,283,288,260,276,‡
2013,Montana,state,289,277,297,‡,290,293,‡,282,‡
2013,Nebraska,state,285,271,296,246,286,292,250,267,303
2013,Nevada,state,278,269,290,236,281,289,263,268,297
2013,New Hampshire,state,296,279,301,‡,296,297,‡,270,311
2013,New Jersey,state,296,277,306,‡,297,303,274,283,324
2013,New Mexico,state,273,266,289,243,277,289,258,268,‡
2013,New York,state,282,269,293,241,285,294,262,265,305
2013,North Carolina,state,286,274,300,255,287,296,268,279,298
2013,North Dakota,state,291,276,297,‡,292,294,272,‡,‡
2013,Ohio,state,290,274,301,256,290,294,267,277,311
2013,Oklahoma,state,276,266,286,245,277,281,256,265,298
2013,Oregon,state,284,271,299,231,285,290,‡,266,300
2013,Pennsylvania,state,290,273,301,243,291,297,262,264,307
2013,Rhode Island,state,284,266,298,232,287,294,263,263,283
2013,South Carolina,state,280,266,296,271,280,292,261,272,‡
2013,South Dakota,state,287,271,297,241,288,294,254,274,‡
2013,Tennessee,state,278,265,292,‡,278,284,257,270,‡
2013,Texas,state,288,279,300,260,290,300,273,281,319
2013,Utah,state,284,270,293,230,286,291,‡,258,283
2013,Vermont,state,295,279,305,‡,296,296,258,‡,‡
2013,Virginia,state,288,270,298,261,290,296,267,279,311
2013,Washington,state,290,276,301,249,292,296,269,273,305
2013,West Virginia,state,274,266,286,‡,275,275,264,‡,‡
2013,Wisconsin,state,289,274,299,260,290,296,252,273,290
2013,Wyoming,state,288,279,294,‡,289,290,‡,278,‡
2013,Albuquerque,city,274,263,295,242,279,295,‡,267,‡
2013,Atlanta,city,267,260,298,‡,267,311,261,262,‡
2013,Austin,city,285,270,308,253,290,312,267,273,‡
2013,Baltimore City,city,260,257,277,‡,260,286,257,‡,‡
2013,Boston,city,283,277,313,254,292,309,271,275,318
2013,Charlotte,city,289,273,309,255,292,313,271,279,312
2013,Chicago,city,269,264,291,240,271,294,259,270,305
2013,Cleveland,city,253,253,‡,235,254,265,249,252,‡
2013,Dallas,city,275,272,296,259,279,304,263,277,‡
2013,Detroit,city,240,237,257,246,239,‡,239,243,‡
2013,District of Columbia (DCPS),city,260,251,293,235,262,315,253,262,‡
2013,Fresno,city,260,257,280,229,265,279,247,256,271
2013,Hillsborough County (FL),city,284,272,299,251,287,296,264,278,‡
2013,Houston,city,280,275,300,259,285,312,271,279,313
2013,Jefferson County (KY),city,273,261,295,240,275,285,257,265,‡
2013,Los Angeles,city,264,259,284,218,272,293,256,258,296
2013,Miami-Dade,city,274,268,292,242,278,295,259,275,‡
2013,Milwaukee,city,257,253,279,252,258,282,247,266,‡
2013,New York City,city,274,270,287,241,279,301,263,263,304
2013,Philadelphia,city,266,262,296,244,268,287,258,261,297
2013,San Diego,city,277,262,298,229,285,300,260,260,293
2011,Alabama,state,269,256,284,‡,270,280,250,255,‡
2011,Alaska,state,283,269,294,235,289,296,273,277,282
2011,Arizona,state,279,267,292,‡,280,294,269,266,302
2011,Arkansas,state,279,269,292,260,280,287,257,272,‡
2011,California,state,273,260,288,234,280,290,254,260,298
2011,Colorado,state,292,273,303,243,296,302,270,271,313
2011,Connecticut,state,287,264,298,237,289,297,262,262,307
2011,Delaware,state,283,270,293,‡,284,294,266,274,311
2011,District of Columbia,city,260,253,278,240,262,319,256,261,‡
2011,Florida,state,278,267,291,246,279,287,258,274,312
2011,Georgia,state,278,267,293,245,279,291,262,277,302
2011,Hawaii,state,278,268,286,243,281,290,277,263,277
2011,Idaho,state,287,276,295,242,288,291,‡,267,‡
2011,Illinois,state,283,269,296,243,285,294,260,272,314
2011,Indiana,state,285,273,294,261,286,290,264,275,‡
2011,Iowa,state,285,271,293,248,286,288,258,269,291
2011,Kansas,state,290,276,300,261,292,295,269,274,300
2011,Kentucky,state,282,271,294,238,282,284,261,269,‡
2011,Louisiana,state,273,265,286,‡,273,283,259,269,‡
2011,Maine,state,289,276,298,272,289,290,265,‡,‡
2011,Maryland,state,288,266,299,245,289,303,267,273,311
2011,Massachusetts,state,299,280,308,247,300,304,275,273,320
2011,Michigan,state,280,266,291,261,281,286,250,274,310
2011,Minnesota,state,295,276,304,255,297,302,266,270,282
2011,Mississippi,state,269,260,288,‡,269,283,255,273,‡
2011,Missouri,state,282,269,292,‡,282,288,254,267,‡
2011,Montana,state,293,280,301,‡,294,297,‡,285,‡
2011,Nebraska,state,283,269,293,235,284,290,255,261,‡
2011,Nevada,state,278,267,288,241,282,292,259,266,287
2011,New Hampshire,state,292,276,297,‡,293,293,‡,266,303
2011,New Jersey,state,294,274,303,244,295,304,272,274,318
2011,New Mexico,state,274,267,288,243,278,290,265,269,‡
2011,New York,state,280,269,293,239,283,291,264,263,302
2011,North Carolina,state,286,273,300,254,288,296,267,275,314
2011,North Dakota,state,292,278,298,‡,293,296,‡,‡,‡
2011,Ohio,state,289,274,299,248,289,295,263,273,‡
2011,Oklahoma,state,279,270,289,237,280,286,262,264,304
2011,Oregon,state,283,271,295,245,285,287,263,268,297
2011,Pennsylvania,state,286,268,298,242,287,294,257,269,310
2011,Rhode Island,state,283,267,295,227,285,292,256,261,287
2011,South Carolina,state,281,268,295,267,282,293,263,273,‡
2011,South Dakota,state,291,277,298,‡,292,295,270,274,‡
2011,Tennessee,state,274,262,287,‡,275,281,252,266,‡
2011,Texas,state,290,281,304,261,293,304,277,283,316
2011,Utah,state,283,269,291,234,285,289,‡,257,284
2011,Vermont,state,294,277,302,‡,295,295,‡,‡,‡
2011,Virginia,state,289,270,298,258,291,297,268,279,313
2011,Washington,state,288,273,299,240,291,294,265,269,302
2011,West Virginia,state,273,264,282,‡,273,274,260,‡,‡
2011,Wisconsin,state,289,269,299,257,290,295,256,270,290
2011,Wyoming,state,288,277,293,‡,288,291,‡,271,‡
2011,Albuquerque,city,275,264,292,243,279,291,‡,269,‡
2011,Atlanta,city,266,260,292,‡,266,309,262,264,‡
2011,Austin,city,287,270,311,254,292,313,265,276,‡
2011,Baltimore City,city,261,257,285,‡,262,280,259,‡,‡
2011,Boston,city,282,275,302,253,289,305,272,271,319
2011,Charlotte,city,285,267,306,246,289,311,268,272,304
2011,Chicago,city,270,267,289,249,272,296,260,271,296
2011,Cleveland,city,256,256,‡,244,257,277,249,258,‡
2011,Dallas,city,274,272,286,256,280,306,264,276,‡
2011,Detroit,city,246,245,252,262,244,‡,244,258,‡
2011,District of Columbia (DCPS),city,255,246,278,234,257,322,249,253,‡
2011,Fresno,city,256,251,289,228,263,281,243,251,264
2011,Hillsborough County (FL),city,282,269,297,250,285,293,263,274,‡
2011,Houston,city,279,276,291,253,283,309,271,278,309
2011,Jefferson County (KY),city,274,261,294,‡,276,285,257,270,‡
2011,Los Angeles,city,261,257,283,225,269,291,246,255,295
2011,Miami-Dade,city,272,266,286,239,275,288,256,274,‡
2011,Milwaukee,city,254,250,270,249,255,274,246,259,271
2011,New York City,city,272,270,288,237,277,292,262,261,304
2011,Philadelphia,city,265,261,289,243,267,281,260,256,295
2011,San Diego,city,278,265,299,237,286,302,256,263,293
2009,Alabama,state,269,255,282,‡,269,280,248,260,‡
2009,Alaska,state,283,269,292,243,288,293,268,275,282
2009,Arizona,state,277,262,291,224,281,292,269,265,295
2009,Arkansas,state,276,264,290,257,277,284,251,269,‡
2009,California,state,270,258,285,237,278,289,250,256,294
2009,Colorado,state,287,267,298,248,290,299,263,267,301
2009,Connecticut,state,289,263,298,240,290,298,261,263,305
2009,Delaware,state,284,271,292,‡,284,294,267,278,312
2009,District of Columbia,city,254,247,272,‡,254,‡,249,265,‡
2009,Florida,state,279,269,289,241,281,289,264,274,302
2009,Georgia,state,278,265,290,‡,278,289,262,270,300
2009,Hawaii,state,274,261,282,231,276,282,271,276,274
2009,Idaho,state,287,276,294,241,289,292,‡,264,‡
2009,Illinois,state,282,264,294,249,283,294,255,269,304
2009,Indiana,state,287,273,295,270,287,291,266,273,‡
2009,Iowa,state,284,269,292,‡,285,287,259,266,‡
2009,Kansas,state,289,276,298,260,290,294,264,274,‡
2009,Kentucky,state,279,268,290,‡,280,282,258,272,‡
2009,Louisiana,state,272,263,288,‡,273,283,257,‡,‡
2009,Maine,state,286,272,294,‡,287,287,261,‡,‡
2009,Maryland,state,288,267,298,249,289,303,266,275,320
2009,Massachusetts,state,299,278,307,238,300,305,272,271,314
2009,Michigan,state,278,260,289,256,279,286,246,269,309
2009,Minnesota,state,294,273,302,255,296,300,264,269,283
2009,Mississippi,state,265,256,283,‡,265,279,251,‡,‡
2009,Missouri,state,286,272,294,‡,286,290,260,284,‡
2009,Montana,state,292,277,299,236,293,296,‡,278,‡
2009,Nebraska,state,284,267,294,245,285,291,253,262,‡
2009,Nevada,state,274,263,280,234,278,287,256,262,283
2009,New Hampshire,state,292,276,296,‡,293,293,‡,270,308
2009,New Jersey,state,293,270,300,241,294,302,267,272,323
2009,New Mexico,state,270,261,284,238,273,288,259,262,‡
2009,New York,state,283,270,293,231,285,294,262,262,309
2009,North Carolina,state,284,268,298,259,286,297,262,274,311
2009,North Dakota,state,293,280,298,‡,293,296,‡,‡,‡
2009,Ohio,state,286,269,294,261,286,291,260,267,‡
2009,Oklahoma,state,276,266,285,239,277,282,261,263,289
2009,Oregon,state,285,270,296,241,288,290,264,264,296
2009,Pennsylvania,state,288,268,298,253,289,294,260,266,305
2009,Rhode Island,state,278,261,288,237,279,286,256,255,292
2009,South Carolina,state,280,268,294,267,281,293,263,269,‡
2009,South Dakota,state,291,276,297,‡,291,295,‡,268,‡
2009,Tennessee,state,275,261,285,‡,275,282,254,270,‡
2009,Texas,state,287,276,299,254,289,301,272,277,313
2009,Utah,state,284,268,290,239,286,289,‡,259,276
2009,Vermont,state,293,277,300,‡,293,293,‡,‡,‡
2009,Virginia,state,286,268,294,264,287,294,268,274,304
2009,Washington,state,289,271,299,246,290,295,269,264,302
2009,West Virginia,state,270,262,280,‡,270,271,263,‡,‡
2009,Wisconsin,state,288,269,297,259,289,294,254,268,289
2009,Wyoming,state,286,274,291,‡,287,289,‡,269,‡
2009,Albuquerque,city,—,—,—,—,—,—,—,—,—
2009,Atlanta,city,259,253,283,‡,260,‡,255,‡,‡
2009,Austin,city,287,271,308,249,294,312,274,274,‡
2009,Baltimore City,city,257,254,271,‡,257,‡,255,‡,‡
2009,Boston,city,279,273,299,238,283,311,268,269,312
2009,Charlotte,city,283,268,296,256,284,304,270,272,‡
2009,Chicago,city,264,261,282,241,265,289,252,268,301
2009,Cleveland,city,256,256,‡,‡,256,275,252,250,‡
2009,Dallas,city,—,—,—,—,—,—,—,—,—
2009,Detroit,city,238,235,245,253,237,‡,237,255,‡
2009,District of Columbia (DCPS),city,251,243,276,‡,251,‡,244,263,‡
2009,Fresno,city,258,253,293,234,265,282,246,253,266
2009,Hillsborough County (FL),city,—,—,—,—,—,—,—,—,—
2009,Houston,city,277,271,296,247,280,311,266,275,‡
2009,Jefferson County (KY),city,271,257,288,‡,272,284,252,‡,‡
2009,Los Angeles,city,258,254,281,227,267,287,247,254,291
2009,Miami-Dade,city,273,266,284,236,275,291,260,274,‡
2009,Milwaukee,city,251,248,262,245,252,271,244,256,‡
2009,New York City,city,273,270,285,230,277,295,261,261,309
2009,Philadelphia,city,265,261,284,249,266,284,256,258,295
2009,San Diego,city,280,268,295,244,287,301,263,265,292
2007,Alabama,state,266,250,281,‡,266,278,246,249,‡
2007,Alaska,state,283,266,292,254,288,294,271,274,282
2007,Arizona,state,276,262,286,238,279,289,266,262,303
2007,Arkansas,state,274,263,285,247,275,282,254,256,‡
2007,California,state,270,257,283,241,278,287,253,256,293
2007,Colorado,state,286,267,296,244,289,296,272,264,297
2007,Connecticut,state,282,256,292,227,285,293,255,254,307
2007,Delaware,state,283,270,290,‡,284,294,265,267,309
2007,District of Columbia,city,248,243,259,226,249,‡,245,251,‡
2007,Florida,state,277,265,287,243,279,289,259,270,293
2007,Georgia,state,275,262,287,237,276,288,261,266,‡
2007,Hawaii,state,269,258,276,233,271,278,‡,264,268
2007,Idaho,state,284,273,290,247,286,287,‡,264,‡
2007,Illinois,state,280,262,292,257,281,291,253,265,303
2007,Indiana,state,285,271,293,261,286,290,259,267,‡
2007,Iowa,state,285,270,292,253,286,288,257,261,‡
2007,Kansas,state,290,275,299,255,292,295,267,269,302
2007,Kentucky,state,279,267,288,‡,279,282,257,‡,‡
2007,Louisiana,state,272,264,284,‡,272,283,258,‡,‡
2007,Maine,state,286,275,292,‡,287,287,‡,‡,‡
2007,Maryland,state,286,268,293,‡,286,300,265,272,313
2007,Massachusetts,state,298,275,306,251,299,305,264,270,315
2007,Michigan,state,277,259,285,‡,277,285,244,259,‡
2007,Minnesota,state,292,273,298,258,293,297,260,269,283
2007,Mississippi,state,265,257,280,‡,265,279,251,‡,‡
2007,Missouri,state,281,266,290,‡,281,288,253,270,‡
2007,Montana,state,287,272,295,237,289,291,‡,‡,‡
2007,Nebraska,state,284,265,293,241,285,291,240,261,‡
2007,Nevada,state,271,259,279,238,274,282,255,257,285
2007,New Hampshire,state,288,271,291,‡,288,289,‡,264,‡
2007,New Jersey,state,289,266,297,257,290,298,264,271,314
2007,New Mexico,state,268,258,282,242,272,285,264,260,‡
2007,New York,state,280,268,292,236,282,290,258,264,302
2007,North Carolina,state,284,268,296,259,285,295,266,273,299
2007,North Dakota,state,292,280,296,‡,292,295,‡,‡,‡
2007,Ohio,state,285,268,293,261,285,291,258,276,‡
2007,Oklahoma,state,275,264,285,255,275,280,258,259,‡
2007,Oregon,state,284,270,294,248,287,289,272,261,299
2007,Pennsylvania,state,286,267,294,‡,287,293,257,264,314
2007,Rhode Island,state,275,257,285,‡,277,284,250,251,282
2007,South Carolina,state,282,269,294,‡,282,293,265,272,‡
2007,South Dakota,state,288,275,294,‡,289,292,‡,269,‡
2007,Tennessee,state,274,262,284,‡,274,282,254,264,‡
2007,Texas,state,286,275,297,252,288,300,271,277,309
2007,Utah,state,281,267,287,252,284,286,‡,256,277
2007,Vermont,state,291,277,296,‡,291,292,‡,‡,‡
2007,Virginia,state,288,268,295,263,288,296,268,275,299
2007,Washington,state,285,268,294,243,287,291,264,263,289
2007,West Virginia,state,270,260,279,‡,270,271,250,‡,‡
2007,Wisconsin,state,286,266,293,260,287,292,247,268,290
2007,Wyoming,state,287,275,291,‡,288,290,‡,274,‡
2007,Albuquerque,city,—,—,—,—,—,—,—,—,—
2007,Atlanta,city,256,251,277,‡,257,‡,253,‡,‡
2007,Austin,city,283,267,302,245,289,308,265,271,‡
2007,Baltimore City,city,—,—,—,—,—,—,—,—,—
2007,Boston,city,276,271,290,242,279,305,263,270,305
2007,Charlotte,city,283,265,300,252,285,308,267,264,305
2007,Chicago,city,260,257,280,240,262,287,248,265,‡
2007,Cleveland,city,257,257,‡,‡,257,269,253,258,‡
2007,Dallas,city,—,—,—,—,—,—,—,—,—
2007,Detroit,city,—,—,—,—,—,—,—,—,—
2007,District of Columbia (DCPS),city,248,243,259,226,249,‡,245,251,‡
2007,Fresno,city,—,—,—,—,—,—,—,—,—
2007,Hillsborough County (FL),city,—,—,—,—,—,—,—,—,—
2007,Houston,city,273,268,293,241,277,308,265,270,310
2007,Jefferson County (KY),city,—,—,—,—,—,—,—,—,—
2007,Los Angeles,city,257,254,270,230,268,285,245,253,292
2007,Miami-Dade,city,—,—,—,—,—,—,—,—,—
2007,Milwaukee,city,—,—,—,—,—,—,—,—,—
2007,New York City,city,270,267,293,235,273,289,258,262,299
2007,Philadelphia,city,—,—,—,—,—,—,—,—,—
2007,San Diego,city,272,260,290,237,281,294,258,259,289
2005,Alabama,state,262,248,276,‡,262,276,240,‡,‡
2005,Alaska,state,279,264,287,260,282,288,266,272,270
2005,Arizona,state,274,260,285,245,279,288,261,260,‡
2005,Arkansas,state,272,260,282,‡,272,281,243,266,‡
2005,California,state,269,254,282,241,276,284,248,254,293
2005,Colorado,state,281,261,290,246,283,292,256,260,‡
2005,Connecticut,state,281,255,292,242,282,293,249,254,292
2005,Delaware,state,281,265,288,‡,282,291,264,268,306
2005,District of Columbia,city,245,241,261,‡,246,317,241,252,‡
2005,Florida,state,274,260,285,243,276,286,251,265,299
2005,Georgia,state,272,257,285,242,273,284,255,258,301
2005,Hawaii,state,266,251,276,229,268,277,‡,257,264
2005,Idaho,state,281,272,286,254,283,284,‡,261,‡
2005,Illinois,state,278,258,290,249,278,289,249,265,300
2005,Indiana,state,282,268,290,‡,282,286,257,261,‡
2005,Iowa,state,284,269,290,‡,285,286,256,264,‡
2005,Kansas,state,284,270,293,251,285,289,256,266,‡
2005,Kentucky,state,274,264,283,‡,274,276,255,‡,‡
2005,Louisiana,state,268,258,280,‡,268,281,252,‡,‡
2005,Maine,state,281,269,286,‡,281,281,‡,‡,‡
2005,Maryland,state,278,258,287,‡,278,292,258,262,304
2005,Massachusetts,state,292,273,299,242,293,297,263,265,314
2005,Michigan,state,277,258,285,‡,278,285,247,265,‡
2005,Minnesota,state,290,270,297,257,292,296,251,263,285
2005,Mississippi,state,262,253,279,‡,263,279,247,‡,‡
2005,Missouri,state,276,262,286,‡,277,284,247,‡,‡
2005,Montana,state,286,272,293,243,288,290,‡,‡,‡
2005,Nebraska,state,284,268,291,242,285,289,243,261,‡
2005,Nevada,state,270,256,277,236,273,280,247,256,281
2005,New Hampshire,state,285,271,288,‡,286,286,‡,‡,‡
2005,New Jersey,state,284,262,292,‡,285,295,260,264,309
2005,New Mexico,state,263,254,278,239,268,279,257,255,‡
2005,New York,state,280,267,291,237,281,290,259,262,298
2005,North Carolina,state,282,266,293,252,283,292,263,265,303
2005,North Dakota,state,287,274,292,‡,287,290,‡,‡,‡
2005,Ohio,state,283,265,290,‡,284,289,255,259,‡
2005,Oklahoma,state,271,260,283,252,272,278,249,257,‡
2005,Oregon,state,282,270,289,253,284,287,258,257,299
2005,Pennsylvania,state,281,262,289,‡,281,287,250,267,297
2005,Rhode Island,state,272,252,282,224,274,281,249,244,278
2005,South Carolina,state,281,267,294,‡,282,294,263,269,‡
2005,South Dakota,state,287,276,294,‡,288,291,‡,‡,‡
2005,Tennessee,state,271,256,282,‡,271,278,246,‡,‡
2005,Texas,state,281,268,293,242,284,295,264,271,308
2005,Utah,state,279,268,284,249,281,283,‡,255,273
2005,Vermont,state,287,272,293,‡,288,288,‡,‡,‡
2005,Virginia,state,284,263,292,260,285,293,263,270,300
2005,Washington,state,285,269,294,249,287,289,265,262,294
2005,West Virginia,state,269,259,278,‡,269,270,251,‡,‡
2005,Wisconsin,state,285,263,292,269,285,291,246,265,286
2005,Wyoming,state,282,272,287,251,283,284,‡,265,‡
2005,Albuquerque,city,—,—,—,—,—,—,—,—,—
2005,Atlanta,city,245,240,266,‡,245,‡,242,‡,‡
2005,Austin,city,281,261,301,240,286,305,262,267,‡
2005,Baltimore City,city,—,—,—,—,—,—,—,—,—
2005,Boston,city,270,264,288,233,272,299,256,261,309
2005,Charlotte,city,281,261,297,252,282,304,264,262,‡
2005,Chicago,city,258,254,275,235,259,281,245,263,292
2005,Cleveland,city,249,249,‡,‡,250,265,244,251,‡
2005,Dallas,city,—,—,—,—,—,—,—,—,—
2005,Detroit,city,—,—,—,—,—,—,—,—,—
2005,District of Columbia (DCPS),city,245,241,261,‡,246,317,241,252,‡
2005,Fresno,city,—,—,—,—,—,—,—,—,—
2005,Hillsborough County (FL),city,—,—,—,—,—,—,—,—,—
2005,Houston,city,267,262,279,245,271,294,257,265,299
2005,Jefferson County (KY),city,—,—,—,—,—,—,—,—,—
2005,Los Angeles,city,250,245,270,225,263,280,239,245,291
2005,Miami-Dade,city,—,—,—,—,—,—,—,—,—
2005,Milwaukee,city,—,—,—,—,—,—,—,—,—
2005,New York City,city,267,264,286,232,270,286,257,259,295
2005,Philadelphia,city,—,—,—,—,—,—,—,—,—
2005,San Diego,city,270,258,285,236,278,292,253,258,282
2003,Alabama,state,262,246,276,‡,262,274,240,‡,‡
2003,Alaska,state,279,260,285,251,283,290,263,263,280
2003,Arizona,state,271,258,282,246,275,284,256,258,‡
2003,Arkansas,state,266,256,276,‡,266,275,239,248,‡
2003,California,state,267,251,281,239,274,283,246,250,287
2003,Colorado,state,283,262,292,243,285,292,255,259,290
2003,Connecticut,state,284,260,292,241,285,293,255,259,296
2003,Delaware,state,277,261,285,‡,278,287,260,257,‡
2003,District of Columbia,city,243,235,254,231,244,‡,240,246,‡
2003,Florida,state,271,256,284,236,273,286,249,264,287
2003,Georgia,state,270,253,284,239,270,284,250,262,286
2003,Hawaii,state,266,254,275,238,267,273,‡,263,265
2003,Idaho,state,280,267,287,241,282,284,‡,251,‡
2003,Illinois,state,277,256,290,237,279,289,249,259,302
2003,Indiana,state,281,266,288,‡,282,286,251,261,‡
2003,Iowa,state,284,266,290,245,285,287,257,255,‡
2003,Kansas,state,284,270,291,249,285,290,252,263,284
2003,Kentucky,state,274,261,284,‡,275,277,250,‡,‡
2003,Louisiana,state,266,256,280,‡,266,281,250,‡,‡
2003,Maine,state,282,268,287,‡,282,282,‡,‡,‡
2003,Maryland,state,278,255,285,‡,278,289,256,262,302
2003,Massachusetts,state,287,261,295,242,287,292,260,255,304
2003,Michigan,state,276,257,285,‡,277,286,245,267,‡
2003,Minnesota,state,291,271,297,253,292,295,251,262,284
2003,Mississippi,state,261,251,275,‡,261,275,246,‡,‡
2003,Missouri,state,279,263,286,‡,279,284,250,‡,‡
2003,Montana,state,286,273,292,‡,287,289,‡,‡,‡
2003,Nebraska,state,282,265,290,‡,283,287,247,255,‡
2003,Nevada,state,268,254,274,234,270,278,248,250,280
2003,New Hampshire,state,286,268,289,‡,286,287,‡,‡,‡
2003,New Jersey,state,281,256,290,‡,282,292,253,262,306
2003,New Mexico,state,263,252,275,240,269,282,254,254,‡
2003,New York,state,280,262,293,237,282,293,255,262,290
2003,North Carolina,state,281,263,291,250,282,294,260,263,297
2003,North Dakota,state,287,274,292,‡,288,290,‡,‡,‡
2003,Ohio,state,282,263,289,235,282,287,257,270,‡
2003,Oklahoma,state,272,260,282,251,273,278,249,258,‡
2003,Oregon,state,281,266,286,246,283,284,265,258,292
2003,Pennsylvania,state,279,257,288,‡,279,285,247,253,‡
2003,Rhode Island,state,272,253,284,228,274,280,244,245,265
2003,South Carolina,state,277,263,289,‡,277,291,258,‡,‡
2003,South Dakota,state,285,272,291,239,286,288,‡,‡,‡
2003,Tennessee,state,268,250,279,‡,269,277,242,‡,‡
2003,Texas,state,277,264,288,243,279,290,260,267,303
2003,Utah,state,281,266,286,248,283,285,‡,249,275
2003,Vermont,state,286,268,291,‡,286,286,‡,‡,‡
2003,Virginia,state,282,261,289,‡,282,290,262,268,297
2003,Washington,state,281,265,288,246,283,285,262,263,285
2003,West Virginia,state,271,261,280,‡,271,271,253,‡,‡
2003,Wisconsin,state,284,259,292,‡,285,290,241,262,273
2003,Wyoming,state,284,271,288,254,285,286,‡,265,‡
2003,Albuquerque,city,—,—,—,—,—,—,—,—,—
2003,Atlanta,city,244,239,265,‡,245,298,241,‡,‡
2003,Austin,city,—,—,—,—,—,—,—,—,—
2003,Baltimore City,city,—,—,—,—,—,—,—,—,—
2003,Boston,city,262,256,282,229,265,289,251,252,300
2003,Charlotte,city,279,256,292,258,280,301,258,262,293
2003,Chicago,city,254,252,279,228,256,276,245,259,286
2003,Cleveland,city,253,253,‡,‡,254,269,249,249,‡
2003,Dallas,city,—,—,—,—,—,—,—,—,—
2003,Detroit,city,—,—,—,—,—,—,—,—,—
2003,District of Columbia (DCPS),city,243,235,254,231,244,‡,240,246,‡
2003,Fresno,city,—,—,—,—,—,—,—,—,—
2003,Hillsborough County (FL),city,—,—,—,—,—,—,—,—,—
2003,Houston,city,264,259,276,240,267,293,259,261,‡
2003,Jefferson County (KY),city,—,—,—,—,—,—,—,—,—
2003,Los Angeles,city,245,240,245,223,255,277,234,240,275
2003,Miami-Dade,city,—,—,—,—,—,—,—,—,—
2003,Milwaukee,city,—,—,—,—,—,—,—,—,—
2003,New York City,city,266,261,295,238,269,289,253,260,286
2003,Philadelphia,city,—,—,—,—,—,—,—,—,—
2003,San Diego,city,264,252,278,235,272,284,252,248,278
2000,Alabama,state,264,246,275,‡,264,275,240,‡,‡
2000,Alaska,state,—,—,—,—,—,—,—,—,—
2000,Arizona,state,269,251,279,231,272,281,244,248,‡
2000,Arkansas,state,257,242,267,‡,257,268,227,‡,‡
2000,California,state,260,240,269,230,266,277,235,242,283
2000,Colorado,state,—,—,—,—,—,—,—,—,—
2000,Connecticut,state,281,250,291,‡,281,291,247,249,‡
2000,Delaware,state,—,—,—,—,—,—,—,—,—
2000,District of Columbia,city,235,226,258,‡,235,300,231,236,‡
2000,Florida,state,—,—,—,—,—,—,—,—,—
2000,Georgia,state,265,246,278,‡,265,279,244,‡,‡
2000,Hawaii,state,262,252,268,‡,264,274,‡,‡,260
2000,Idaho,state,277,265,283,‡,279,280,‡,250,‡
2000,Illinois,state,275,255,284,‡,275,285,252,258,‡
2000,Indiana,state,281,269,286,‡,281,285,256,‡,‡
2000,Iowa,state,—,—,—,—,—,—,—,—,—
2000,Kansas,state,283,265,289,‡,283,287,245,263,‡
2000,Kentucky,state,270,255,280,‡,270,272,250,‡,‡
2000,Louisiana,state,259,247,276,‡,259,275,239,‡,‡
2000,Maine,state,281,270,285,‡,281,281,‡,‡,‡
2000,Maryland,state,272,245,283,‡,273,286,244,263,297
2000,Massachusetts,state,279,257,286,‡,280,284,258,246,292
2000,Michigan,state,277,256,284,‡,277,285,239,‡,‡
2000,Minnesota,state,287,272,291,‡,288,290,‡,‡,‡
2000,Mississippi,state,254,242,267,‡,254,268,237,‡,‡
2000,Missouri,state,271,250,279,‡,271,277,238,‡,‡
2000,Montana,state,285,271,290,‡,285,288,‡,‡,‡
2000,Nebraska,state,280,260,287,‡,281,285,247,242,‡
2000,Nevada,state,265,246,272,‡,266,273,244,249,273
2000,New Hampshire,state,—,—,—,—,—,—,—,—,—
2000,New Jersey,state,—,—,—,—,—,—,—,—,—
2000,New Mexico,state,259,248,271,226,263,274,‡,251,‡
2000,New York,state,271,255,284,‡,274,284,251,251,280
2000,North Carolina,state,276,257,286,‡,276,287,252,‡,‡
2000,North Dakota,state,282,272,288,‡,282,285,‡,‡,‡
2000,Ohio,state,281,257,287,‡,281,285,251,‡,‡
2000,Oklahoma,state,270,258,277,‡,270,274,245,260,‡
2000,Oregon,state,280,263,286,‡,282,284,‡,248,285
2000,Pennsylvania,state,—,—,—,—,—,—,—,—,—
2000,Rhode Island,state,269,247,280,‡,271,275,240,240,267
2000,South Carolina,state,265,249,278,‡,265,277,247,‡,‡
2000,South Dakota,state,—,—,—,—,—,—,—,—,—
2000,Tennessee,state,262,242,273,‡,262,269,235,‡,‡
2000,Texas,state,273,260,284,234,276,286,250,262,292
2000,Utah,state,274,255,280,‡,275,277,‡,244,262
2000,Vermont,state,281,261,286,‡,281,281,‡,‡,‡
2000,Virginia,state,275,256,281,‡,276,283,253,263,293
2000,Washington,state,—,—,—,—,—,—,—,—,—
2000,West Virginia,state,266,252,276,‡,266,267,247,‡,‡
2000,Wisconsin,state,‡,‡,‡,‡,‡,‡,‡,‡,‡
2000,Wyoming,state,276,262,281,‡,276,278,‡,257,‡
2000,Albuquerque,city,—,—,—,—,—,—,—,—,—
2000,Atlanta,city,—,—,—,—,—,—,—,—,—
2000,Austin,city,—,—,—,—,—,—,—,—,—
2000,Baltimore City,city,—,—,—,—,—,—,—,—,—
2000,Boston,city,—,—,—,—,—,—,—,—,—
2000,Charlotte,city,—,—,—,—,—,—,—,—,—
2000,Chicago,city,—,—,—,—,—,—,—,—,—
2000,Cleveland,city,—,—,—,—,—,—,—,—,—
2000,Dallas,city,—,—,—,—,—,—,—,—,—
2000,Detroit,city,—,—,—,—,—,—,—,—,—
2000,District of Columbia (DCPS),city,—,—,—,—,—,—,—,—,—
2000,Fresno,city,—,—,—,—,—,—,—,—,—
2000,Hillsborough County (FL),city,—,—,—,—,—,—,—,—,—
2000,Houston,city,—,—,—,—,—,—,—,—,—
2000,Jefferson County (KY),city,—,—,—,—,—,—,—,—,—
2000,Los Angeles,city,—,—,—,—,—,—,—,—,—
2000,Miami-Dade,city,—,—,—,—,—,—,—,—,—
2000,Milwaukee,city,—,—,—,—,—,—,—,—,—
2000,New York City,city,—,—,—,—,—,—,—,—,—
2000,Philadelphia,city,—,—,—,—,—,—,—,—,—
2000,San Diego,city,—,—,—,—,—,—,—,—,—
1996,Alabama,state,257,237,270,‡,‡,270,232,‡,‡
1996,Alaska,state,278,257,282,‡,‡,285,‡,‡,‡
1996,Arizona,state,268,254,277,‡,‡,277,256,248,‡
1996,Arkansas,state,262,246,270,‡,‡,269,235,‡,‡
1996,California,state,263,246,276,‡,‡,277,244,245,278
1996,Colorado,state,276,259,282,‡,‡,282,255,255,283
1996,Connecticut,state,280,254,287,‡,‡,287,244,251,281
1996,Delaware,state,267,247,274,‡,‡,275,244,‡,‡
1996,District of Columbia,city,233,226,245,‡,‡,‡,230,226,‡
1996,Florida,state,264,248,275,‡,‡,277,235,254,‡
1996,Georgia,state,262,242,273,‡,‡,276,240,‡,‡
1996,Hawaii,state,262,249,269,‡,‡,276,‡,253,260
1996,Idaho,state,—,—,—,—,—,—,—,—,—
1996,Illinois,state,—,—,—,—,—,—,—,—,—
1996,Indiana,state,276,256,282,‡,‡,280,247,‡,‡
1996,Iowa,state,284,272,287,‡,‡,285,256,‡,‡
1996,Kansas,state,—,—,—,—,—,—,—,—,—
1996,Kentucky,state,267,252,276,‡,‡,269,247,‡,‡
1996,Louisiana,state,252,241,265,‡,‡,266,235,‡,‡
1996,Maine,state,284,272,288,‡,‡,284,‡,‡,‡
1996,Maryland,state,270,243,279,‡,‡,284,241,‡,309
1996,Massachusetts,state,278,254,284,‡,‡,283,250,239,277
1996,Michigan,state,277,257,284,‡,‡,284,245,‡,‡
1996,Minnesota,state,284,270,288,‡,‡,287,248,‡,277
1996,Mississippi,state,250,239,265,‡,‡,265,234,‡,‡
1996,Missouri,state,273,259,280,‡,‡,278,244,‡,‡
1996,Montana,state,283,266,290,‡,‡,286,‡,‡,‡
1996,Nebraska,state,283,269,288,‡,‡,285,254,260,‡
1996,Nevada,state,‡,‡,‡,‡,‡,‡,‡,‡,‡
1996,New Hampshire,state,‡,‡,‡,‡,‡,‡,‡,‡,‡
1996,New Jersey,state,‡,‡,‡,‡,‡,‡,‡,‡,‡
1996,New Mexico,state,262,251,272,‡,‡,277,‡,252,‡
1996,New York,state,270,253,282,‡,‡,283,243,244,276
1996,North Carolina,state,268,250,277,‡,‡,277,247,‡,‡
1996,North Dakota,state,284,274,288,‡,‡,286,‡,‡,‡
1996,Ohio,state,—,—,—,—,—,—,—,—,—
1996,Oklahoma,state,—,—,—,—,—,—,—,—,—
1996,Oregon,state,276,262,282,‡,‡,278,‡,257,288
1996,Pennsylvania,state,—,—,—,—,—,—,—,—,—
1996,Rhode Island,state,269,250,277,‡,‡,275,237,238,263
1996,South Carolina,state,261,246,272,‡,‡,273,244,‡,‡
1996,South Dakota,state,—,—,—,—,—,—,—,—,—
1996,Tennessee,state,263,246,271,‡,‡,270,234,‡,‡
1996,Texas,state,270,252,282,‡,‡,284,249,255,281
1996,Utah,state,277,268,280,‡,‡,278,‡,257,‡
1996,Vermont,state,279,266,283,‡,‡,280,‡,‡,‡
1996,Virginia,state,270,246,277,‡,‡,279,244,‡,279
1996,Washington,state,276,258,282,‡,‡,281,243,248,272
1996,West Virginia,state,265,254,271,‡,‡,265,245,‡,‡
1996,Wisconsin,state,283,262,289,‡,‡,288,240,‡,‡
1996,Wyoming,state,275,262,277,‡,‡,277,‡,256,‡
1996,Albuquerque,city,—,—,—,—,—,—,—,—,—
1996,Atlanta,city,—,—,—,—,—,—,—,—,—
1996,Austin,city,—,—,—,—,—,—,—,—,—
1996,Baltimore City,city,—,—,—,—,—,—,—,—,—
1996,Boston,city,—,—,—,—,—,—,—,—,—
1996,Charlotte,city,—,—,—,—,—,—,—,—,—
1996,Chicago,city,—,—,—,—,—,—,—,—,—
1996,Cleveland,city,—,—,—,—,—,—,—,—,—
1996,Dallas,city,—,—,—,—,—,—,—,—,—
1996,Detroit,city,—,—,—,—,—,—,—,—,—
1996,District of Columbia (DCPS),city,—,—,—,—,—,—,—,—,—
1996,Fresno,city,—,—,—,—,—,—,—,—,—
1996,Hillsborough County (FL),city,—,—,—,—,—,—,—,—,—
1996,Houston,city,—,—,—,—,—,—,—,—,—
1996,Jefferson County (KY),city,—,—,—,—,—,—,—,—,—
1996,Los Angeles,city,—,—,—,—,—,—,—,—,—
1996,Miami-Dade,city,—,—,—,—,—,—,—,—,—
1996,Milwaukee,city,—,—,—,—,—,—,—,—,—
1996,New York City,city,—,—,—,—,—,—,—,—,—
1996,Philadelphia,city,—,—,—,—,—,—,—,—,—
1996,San Diego,city,—,—,—,—,—,—,—,—,—
1992,Alabama,state,252,—,—,‡,‡,264,230,‡,‡
1992,Alaska,state,—,—,—,—,—,—,—,—,—
1992,Arizona,state,265,—,—,‡,‡,274,253,247,‡
1992,Arkansas,state,256,—,—,‡,‡,264,229,‡,‡
1992,California,state,261,—,—,‡,‡,275,233,239,277
1992,Colorado,state,272,—,—,‡,‡,278,242,252,‡
1992,Connecticut,state,274,—,—,‡,‡,283,242,239,‡
1992,Delaware,state,263,—,—,‡,‡,272,241,‡,‡
1992,District of Columbia,city,235,—,—,‡,‡,‡,232,250,‡
1992,Florida,state,260,—,—,‡,‡,272,236,246,‡
1992,Georgia,state,259,—,—,‡,‡,270,241,‡,‡
1992,Hawaii,state,257,—,—,‡,‡,263,‡,‡,257
1992,Idaho,state,275,—,—,‡,‡,277,‡,255,‡
1992,Illinois,state,—,—,—,—,—,—,—,—,—
1992,Indiana,state,270,—,—,‡,‡,273,241,‡,‡
1992,Iowa,state,283,—,—,‡,‡,284,‡,‡,‡
1992,Kansas,state,—,—,—,—,—,—,—,—,—
1992,Kentucky,state,262,—,—,‡,‡,264,241,‡,‡
1992,Louisiana,state,250,—,—,‡,‡,263,232,‡,‡
1992,Maine,state,279,—,—,‡,‡,279,270,‡,‡
1992,Maryland,state,265,—,—,‡,‡,278,239,‡,284
1992,Massachusetts,state,273,—,—,‡,‡,277,243,239,‡
1992,Michigan,state,267,—,—,‡,‡,276,233,252,‡
1992,Minnesota,state,282,—,—,‡,‡,284,‡,‡,‡
1992,Mississippi,state,246,—,—,‡,‡,262,230,‡,‡
1992,Missouri,state,271,—,—,‡,‡,275,242,‡,‡
1992,Montana,state,—,—,—,—,—,—,—,—,—
1992,Nebraska,state,278,—,—,‡,‡,281,237,256,‡
1992,Nevada,state,—,—,—,—,—,—,—,—,—
1992,New Hampshire,state,278,—,—,‡,‡,278,‡,‡,‡
1992,New Jersey,state,272,—,—,‡,‡,283,242,245,299
1992,New Mexico,state,260,—,—,‡,‡,272,‡,248,‡
1992,New York,state,266,—,—,‡,‡,280,233,241,281
1992,North Carolina,state,258,—,—,‡,‡,266,238,‡,‡
1992,North Dakota,state,283,—,—,‡,‡,284,‡,‡,‡
1992,Ohio,state,268,—,—,‡,‡,274,234,‡,‡
1992,Oklahoma,state,268,—,—,‡,‡,272,238,‡,‡
1992,Oregon,state,—,—,—,—,—,—,—,—,—
1992,Pennsylvania,state,271,—,—,‡,‡,276,238,‡,‡
1992,Rhode Island,state,266,—,—,‡,‡,271,240,227,‡
1992,South Carolina,state,261,—,—,‡,‡,273,241,‡,‡
1992,South Dakota,state,—,—,—,—,—,—,—,—,—
1992,Tennessee,state,259,—,—,‡,‡,266,234,‡,‡
1992,Texas,state,265,—,—,‡,‡,278,243,249,301
1992,Utah,state,274,—,—,‡,‡,276,‡,253,‡
1992,Vermont,state,—,—,—,—,—,—,—,—,—
1992,Virginia,state,268,—,—,‡,‡,275,245,‡,280
1992,Washington,state,—,—,—,—,—,—,—,—,—
1992,West Virginia,state,259,—,—,‡,‡,260,242,‡,‡
1992,Wisconsin,state,278,—,—,‡,‡,282,245,‡,‡
1992,Wyoming,state,275,—,—,‡,‡,277,‡,262,‡
1992,Albuquerque,city,—,—,—,—,—,—,—,—,—
1992,Atlanta,city,—,—,—,—,—,—,—,—,—
1992,Austin,city,—,—,—,—,—,—,—,—,—
1992,Baltimore City,city,—,—,—,—,—,—,—,—,—
1992,Boston,city,—,—,—,—,—,—,—,—,—
1992,Charlotte,city,—,—,—,—,—,—,—,—,—
1992,Chicago,city,—,—,—,—,—,—,—,—,—
1992,Cleveland,city,—,—,—,—,—,—,—,—,—
1992,Dallas,city,—,—,—,—,—,—,—,—,—
1992,Detroit,city,—,—,—,—,—,—,—,—,—
1992,District of Columbia (DCPS),city,—,—,—,—,—,—,—,—,—
1992,Fresno,city,—,—,—,—,—,—,—,—,—
1992,Hillsborough County (FL),city,—,—,—,—,—,—,—,—,—
1992,Houston,city,—,—,—,—,—,—,—,—,—
1992,Jefferson County (KY),city,—,—,—,—,—,—,—,—,—
1992,Los Angeles,city,—,—,—,—,—,—,—,—,—
1992,Miami-Dade,city,—,—,—,—,—,—,—,—,—
1992,Milwaukee,city,—,—,—,—,—,—,—,—,—
1992,New York City,city,—,—,—,—,—,—,—,—,—
1992,Philadelphia,city,—,—,—,—,—,—,—,—,—
1992,San Diego,city,—,—,—,—,—,—,—,—,—
1990,Alabama,state,253,—,—,‡,‡,262,232,‡,‡
1990,Alaska,state,—,—,—,—,—,—,—,—,—
1990,Arizona,state,260,—,—,‡,‡,270,245,241,‡
1990,Arkansas,state,256,—,—,‡,‡,264,231,‡,‡
1990,California,state,256,—,—,‡,‡,270,231,236,267
1990,Colorado,state,267,—,—,‡,‡,273,238,247,‡
1990,Connecticut,state,270,—,—,‡,‡,277,240,235,‡
1990,Delaware,state,261,—,—,‡,‡,268,241,‡,‡
1990,District of Columbia,city,231,—,—,‡,‡,‡,229,‡,‡
1990,Florida,state,255,—,—,‡,‡,265,231,246,‡
1990,Georgia,state,259,—,—,‡,‡,270,239,‡,‡
1990,Hawaii,state,251,—,—,‡,‡,259,‡,‡,250
1990,Idaho,state,271,—,—,‡,‡,273,‡,250,‡
1990,Illinois,state,261,—,—,‡,‡,270,232,238,279
1990,Indiana,state,267,—,—,‡,‡,270,242,‡,‡
1990,Iowa,state,278,—,—,‡,‡,279,‡,‡,‡
1990,Kansas,state,—,—,—,—,—,—,—,—,—
1990,Kentucky,state,257,—,—,‡,‡,259,240,‡,‡
1990,Louisiana,state,246,—,—,‡,‡,259,229,‡,‡
1990,Maine,state,—,—,—,—,—,—,—,—,—
1990,Maryland,state,261,—,—,‡,‡,272,236,254,290
1990,Massachusetts,state,—,—,—,—,—,—,—,—,—
1990,Michigan,state,264,—,—,‡,‡,270,231,‡,‡
1990,Minnesota,state,275,—,—,‡,‡,277,236,‡,267
1990,Mississippi,state,—,—,—,—,—,—,—,—,—
1990,Missouri,state,—,—,—,—,—,—,—,—,—
1990,Montana,state,280,—,—,‡,‡,282,‡,‡,‡
1990,Nebraska,state,276,—,—,‡,‡,279,234,‡,‡
1990,Nevada,state,—,—,—,—,—,—,—,—,—
1990,New Hampshire,state,273,—,—,‡,‡,273,‡,‡,‡
1990,New Jersey,state,270,—,—,‡,‡,279,241,242,296
1990,New Mexico,state,256,—,—,‡,‡,271,‡,247,‡
1990,New York,state,261,—,—,‡,‡,273,234,238,274
1990,North Carolina,state,250,—,—,‡,‡,261,231,‡,‡
1990,North Dakota,state,281,—,—,‡,‡,284,‡,‡,‡
1990,Ohio,state,264,—,—,‡,‡,268,233,‡,‡
1990,Oklahoma,state,263,—,—,‡,‡,268,236,‡,‡
1990,Oregon,state,271,—,—,‡,‡,273,‡,256,276
1990,Pennsylvania,state,266,—,—,‡,‡,272,236,‡,‡
1990,Rhode Island,state,260,—,—,‡,‡,265,228,227,‡
1990,South Carolina,state,—,—,—,—,—,—,—,—,—
1990,South Dakota,state,—,—,—,—,—,—,—,—,—
1990,Tennessee,state,—,—,—,—,—,—,—,—,—
1990,Texas,state,258,—,—,‡,‡,272,234,245,286
1990,Utah,state,—,—,—,—,—,—,—,—,—
1990,Vermont,state,—,—,—,—,—,—,—,—,—
1990,Virginia,state,264,—,—,‡,‡,271,242,‡,294
1990,Washington,state,—,—,—,—,—,—,—,—,—
1990,West Virginia,state,256,—,—,‡,‡,256,234,‡,‡
1990,Wisconsin,state,274,—,—,‡,‡,279,236,‡,‡
1990,Wyoming,state,272,—,—,‡,‡,274,‡,257,‡
1990,Albuquerque,city,—,—,—,—,—,—,—,—,—
1990,Atlanta,city,—,—,—,—,—,—,—,—,—
1990,Austin,city,—,—,—,—,—,—,—,—,—
1990,Baltimore City,city,—,—,—,—,—,—,—,—,—
1990,Boston,city,—,—,—,—,—,—,—,—,—
1990,Charlotte,city,—,—,—,—,—,—,—,—,—
1990,Chicago,city,—,—,—,—,—,—,—,—,—
1990,Cleveland,city,—,—,—,—,—,—,—,—,—
1990,Dallas,city,—,—,—,—,—,—,—,—,—
1990,Detroit,city,—,—,—,—,—,—,—,—,—
1990,District of Columbia (DCPS),city,—,—,—,—,—,—,—,—,—
1990,Fresno,city,—,—,—,—,—,—,—,—,—
1990,Hillsborough County (FL),city,—,—,—,—,—,—,—,—,—
1990,Houston,city,—,—,—,—,—,—,—,—,—
1990,Jefferson County (KY),city,—,—,—,—,—,—,—,—,—
1990,Los Angeles,city,—,—,—,—,—,—,—,—,—
1990,Miami-Dade,city,—,—,—,—,—,—,—,—,—
1990,Milwaukee,city,—,—,—,—,—,—,—,—,—
1990,New York City,city,—,—,—,—,—,—,—,—,—
1990,Philadelphia,city,—,—,—,—,—,—,—,—,—
1990,San Diego,city,—,—,—,—,—,—,—,—,—
2013,National,nation,285,270,297,246,287,294,263,272,306
2011,National,nation,284,269,296,244,286,293,262,270,303
2009,National,nation,283,266,294,243,285,293,261,266,301
2007,National,nation,281,265,291,246,283,291,260,265,297
2005,National,nation,279,262,288,244,281,289,255,262,295
2003,National,nation,278,259,287,242,279,288,252,259,291
2000,National,nation,273,253,283,234,274,284,244,253,288
1996,National,nation,270,250,277,226,272,281,240,251,‡
1992,National,nation,268,—,—,‡,‡,277,237,249,290
1990,National,nation,263,—,—,‡,‡,270,237,246,275
